{
  "urls": [
    "ch3.ogg",
    "ch3.m4a"
  ],
  "sprite": {
    "AllSymbolReveal_3": [
      0,
      1498.7301587301588
    ],
    "BonusTransition": [
      2050,
      4914.0589569161
    ],
    "CoinSelect_3": [
      7100,
      2166.8707482993186
    ]
  }
}