{
  "urls": [
    "ch5.ogg",
    "ch5.m4a"
  ],
  "sprite": {
    "BonusTransition": [
      0,
      4914.0589569161
    ],
    "CoinReveal": [
      5050,
      1999.6825396825395
    ],
    "MatchReveal_1": [
      7100,
      1999.7959183673472
    ]
  }
}