{
  "urls": [
    "ch1.ogg",
    "ch1.m4a"
  ],
  "sprite": {
    "AllSymbolReveal_1": [
      0,
      1500.3854875283446
    ],
    "CoinSelect_1": [
      2050,
      2298.2539682539687
    ],
    "GameEnd_NoWin": [
      5100,
      3627.6190476190477
    ],
    "TotalWin": [
      9150,
      3305.283446712018
    ],
    "WheelWaterIdleLoop": [
      13200,
      4119.410430839001
    ]
  }
}