{
  "urls": [
    "ch6.ogg",
    "ch6.m4a"
  ],
  "sprite": {
    "MatchReveal_2": [
      0,
      2000
    ],
    "UI_BetDownBtn": [
      2050,
      1041.8820861678003
    ],
    "UI_BetMaxBtn": [
      4100,
      1589.6371882086164
    ],
    "WheelStartButton": [
      6149.999999999999,
      2000.3854875283453
    ],
    "WheelWinSegment": [
      9200,
      2303.6054421768704
    ]
  }
}