{
  "urls": [
    "ch9.ogg",
    "ch9.m4a"
  ],
  "sprite": {
    "BackgroundMusicLoop": [
      0,
      27272.721088435374
    ],
    "BonusEnd": [
      28050,
      3692.312925170068
    ],
    "BonusMusicLoop": [
      32100,
      7384.603174603179
    ]
  }
}