{
  "urls": [
    "ch2.ogg",
    "ch2.m4a"
  ],
  "sprite": {
    "AllSymbolReveal_2": [
      0,
      1501.2471655328798
    ],
    "CoinSelect_2": [
      2050,
      2298.3446712018135
    ],
    "WheelGoldWater": [
      5100,
      3040.3401360544217
    ]
  }
}