{
  "urls": [
    "ch4.ogg",
    "ch4.m4a"
  ],
  "sprite": {
    "AllSymbolReveal_4": [
      0,
      1499.4104308390022
    ],
    "CoinSelect_4": [
      2050,
      2335.5555555555557
    ],
    "SymbolReset": [
      5100,
      1418.9569160997735
    ]
  }
}